{
  "config": {
    "model": "gpt2",
    "layer": -8,
    "offline": false,
    "manifold_n": 266,
    "n_manifold_false": 338,
    "hidden_dim": 768,
    "n_pos": 592,
    "n_neg": 483,
    "seed": 0
  },
  "auroc": {
    "maha_last": 0.6223455598455598,
    "truth_proj": 0.7226302389345868,
    "disp_euclid": 0.48350330143808407,
    "disp_hse": 0.47431593083767,
    "nll_answer": 0.41088215544737283
  },
  "sweep": {
    "-12": {
      "maha_last": 0.5830325667282189,
      "truth_proj": 0.5730862850428068
    },
    "-11": {
      "maha_last": 0.5681865872083264,
      "truth_proj": 0.648578702926529
    },
    "-10": {
      "maha_last": 0.5745411560628952,
      "truth_proj": 0.6719265849700632
    },
    "-9": {
      "maha_last": 0.6038624027754462,
      "truth_proj": 0.699957333109507
    },
    "-8": {
      "maha_last": 0.6223455598455598,
      "truth_proj": 0.7226302389345868
    },
    "-7": {
      "maha_last": 0.6192539589278719,
      "truth_proj": 0.7310447093055789
    },
    "-6": {
      "maha_last": 0.6371006099266969,
      "truth_proj": 0.7534763023893458
    },
    "-5": {
      "maha_last": 0.6351421297073471,
      "truth_proj": 0.7416659672094454
    },
    "-4": {
      "maha_last": 0.6380623636058419,
      "truth_proj": 0.7443588775110515
    },
    "-3": {
      "maha_last": 0.6208382295338817,
      "truth_proj": 0.7392528397963181
    },
    "-2": {
      "maha_last": 0.5789075177662134,
      "truth_proj": 0.7259806390241172
    },
    "-1": {
      "maha_last": 0.5515150243411113,
      "truth_proj": 0.5457130266912875
    }
  }
}